{
    "networks":[
                {"id":[0],  "betas":[ 0, 0, 0, 0, 1, 0]},
                {"id":[1],  "betas":[ 0, 0, 0,-1, 0, 0]},
                {"id":[2],  "betas":[ 0, 0, 0, 1, 1, 0]},
                {"id":[3],  "betas":[ 0,-1, 1, 0, 0, 0]},
                {"id":[4],  "betas":[-1, 0, 0,-1, 0, 0]},
                {"id":[5],  "betas":[ 0, 0, 1, 0, 1, 1]},
                {"id":[6],  "betas":[ 0, 1, 1,-1, 0, 0]},
                {"id":[7],  "betas":[-1, 0, 0, 0,-1,-1]},
                {"id":[8],  "betas":[ 1, 1, 0, 0, 0, 0]},
                {"id":[9],  "betas":[ 0, 0,-1, 1, 0, 0]},
                {"id":[10], "betas":[ 0, 0, 0, 0,-1,-1]},
                {"id":[11], "betas":[ 0, 0, 1, 0, 1, 0]},
                {"id":[12], "betas":[-1, 0, 0, 0, 0, 1]},
                {"id":[13], "betas":[ 0,-1, 0,-1, 0, 0]},
                {"id":[14], "betas":[ 0, 0, 0, 1, 0, 1]},
                {"id":[15], "betas":[ 0, 1, 0, 0,-1, 0]},
                {"id":[16], "betas":[-1, 0,-1, 0, 0, 0]},
                {"id":[17], "betas":[ 0, 0,-1,-1, 0,-1]},
                {"id":[18], "betas":[ 1,-1, 1, 0, 0, 0]},
                {"id":[19], "betas":[ 0, 1, 0, 0,-1, 1]},
                {"id":[20], "betas":[ 0, 1, 0, 1, 0, 1]},
                {"id":[21], "betas":[-1, 0, 1, 0, 0, 1]},
                {"id":[22], "betas":[ 0, 1,-1, 0, 1, 0]},
                {"id":[23], "betas":[ 1,-1, 1, 0, 0, 1]},
                {"id":[24], "betas":[ 1,-1, 0, 1,-1, 0]}
                                         ]
}
