{
    "networks":[
                {"id":[0],  "betas":[ 1, 0, 0, 0, 0, 0]}, //single cause
                {"id":[1],  "betas":[-1, 0, 0, 0, 0, 0]}, //single cause
                {"id":[2],  "betas":[ 0,-1, 0, 0, 0, 1]}, //chain
                {"id":[3],  "betas":[ 0,-1, 0, 0, 0,-1]}, //chain
                {"id":[4],  "betas":[ 1, 1, 0, 0, 0,-1]}, //simpson's paradox: xy+, xz+, zy-
                {"id":[5],  "betas":[-1,-1, 0, 0, 0, 1]}, //simpson's (out of control): xy-, xz-, zy+
                {"id":[6],  "betas":[ 1, 0, 0,-1, 0,-1]}, //
                {"id":[7],  "betas":[-1, 0, 0, 1, 0,-1]},
                {"id":[8],  "betas":[ 0, 1, 0, 1, 0, 1]},
                {"id":[9],  "betas":[ 0, 1, 0,-1, 0, 1]},
                {"id":[10], "betas":[-1,-1, 0,-1, 0,-1]},
                {"id":[11], "betas":[ 1, 1, 0, 1, 0,-1]}
                                         ]
}
